{"epoch": 0.5378999999999571, "train_loss": 1.0619364976882935, "raw_loss": 0.4038630723953247, "wd_0": 0.1, "sqr_mom_0": 0.99, "lr_0": 0.004992169671621513, "mom_0": 0.850156608133651, "eps_0": 1e-05, "_timestamp": 1686732859.2892008, "train_samples_per_sec": 1815.9378968090823, "_runtime": 49.97927689552307, "_step": 5378, "_wandb": {"runtime": 49}}