{"epoch": 0, "train_loss": 1.7552136182785034, "raw_loss": 2.6446547508239746, "wd_0": 0.1, "sqr_mom_0": 0.99, "lr_0": 0.0037048561317547185, "mom_0": 0.8759031363962696, "eps_0": 1e-05, "_timestamp": 1686733533.0820036, "train_samples_per_sec": 2129.7632821367333, "_runtime": 7.627298593521118, "_step": 199, "_wandb": {"runtime": 7}}