{"epoch": 0, "train_loss": 1.9233888387680054, "raw_loss": 1.6437604427337646, "wd_0": 0.1, "sqr_mom_0": 0.99, "lr_0": 0.0002046416386615313, "mom_0": 0.9499032991945514, "eps_0": 1e-05, "_timestamp": 1686733313.203995, "train_samples_per_sec": 2029.5636387905918, "_runtime": 6.306259870529175, "_step": 99, "_wandb": {"runtime": 5}}