{"epoch": 0.009999999999999995, "train_loss": 2.0215420722961426, "raw_loss": 3.0993127822875977, "wd_0": 0.1, "sqr_mom_0": 0.99, "lr_0": 0.0002007428633354131, "mom_0": 0.9499845236805122, "eps_0": 1e-05, "_timestamp": 1686732676.9136727, "train_samples_per_sec": 2121.4897630657756, "_runtime": 6.878434658050537, "_step": 99, "_wandb": {"runtime": 6}}