{"epoch": 0, "train_loss": 1.8307271003723145, "raw_loss": 1.3165844678878784, "wd_0": 0.1, "sqr_mom_0": 0.99, "lr_0": 0.0037048561317547185, "mom_0": 0.8759031363962696, "eps_0": 1e-05, "_timestamp": 1686735662.7904003, "train_samples_per_sec": 363.5197894509298, "_runtime": 9.603529214859009, "_step": 199, "_wandb": {"runtime": 9}}