{"epoch": 0, "train_loss": 1.8263287544250488, "raw_loss": 2.471806049346924, "wd_0": 0.1, "sqr_mom_0": 0.99, "lr_0": 0.0037048561317547185, "mom_0": 0.8759031363962696, "eps_0": 1e-05, "_timestamp": 1686732892.1345124, "train_samples_per_sec": 2032.9459216501982, "_runtime": 7.261523485183716, "_step": 199, "_wandb": {"runtime": 6}}