{"epoch": 0, "train_loss": 1.789719820022583, "raw_loss": 2.2888340950012207, "wd_0": 0.1, "sqr_mom_0": 0.99, "lr_0": 0.0037048561317547185, "mom_0": 0.8759031363962696, "eps_0": 1e-05, "_timestamp": 1686733694.369946, "train_samples_per_sec": 407.66709700628195, "_runtime": 9.353919982910156, "_step": 199, "_wandb": {"runtime": 9}}