{"epoch": 0, "train_loss": 1.8570973873138428, "raw_loss": 2.1332199573516846, "wd_0": 0.1, "sqr_mom_0": 0.99, "lr_0": 0.0037048561317547185, "mom_0": 0.8759031363962696, "eps_0": 1e-05, "_timestamp": 1686735532.6148145, "train_samples_per_sec": 1524.855429397184, "_runtime": 9.293026447296143, "_step": 199, "_wandb": {"runtime": 9}}